problem_id,candidate_id,available,pass_1,pass_2,mean,aggregation_score,selected,selected_stage,proof
PB-Advanced-001,t07_r01,True,7,7,7.0,7.0,False,refinement_3,proofs/PB-Advanced-001/t07_r01.md
PB-Advanced-001,t07_r02,True,7,7,7.0,7.0,False,refinement_2,proofs/PB-Advanced-001/t07_r02.md
PB-Advanced-001,t10_r01,True,7,7,7.0,7.0,True,refinement_1,proofs/PB-Advanced-001/t10_r01.md
PB-Advanced-001,t10_r02,True,7,7,7.0,7.0,False,refinement_3,proofs/PB-Advanced-001/t10_r02.md
PB-Advanced-002,t07_r01,True,1,1,1.0,1.0,False,lazy_checked,proofs/PB-Advanced-002/t07_r01.md
PB-Advanced-002,t07_r02,True,6,6,6.0,6.0,True,lazy_checked,proofs/PB-Advanced-002/t07_r02.md
PB-Advanced-002,t10_r01,True,1,1,1.0,1.0,False,lazy_checked,proofs/PB-Advanced-002/t10_r01.md
PB-Advanced-002,t10_r02,True,1,1,1.0,1.0,False,lazy_checked,proofs/PB-Advanced-002/t10_r02.md
PB-Advanced-003,t07_r01,True,1,1,1.0,1.0,False,refinement_3,proofs/PB-Advanced-003/t07_r01.md
PB-Advanced-003,t07_r02,False,,,,,False,,
PB-Advanced-003,t10_r01,True,1,1,1.0,1.0,True,refinement_3,proofs/PB-Advanced-003/t10_r01.md
PB-Advanced-003,t10_r02,True,0,0,0.0,0.0,False,refinement_2,proofs/PB-Advanced-003/t10_r02.md
PB-Advanced-004,t07_r01,True,7,7,7.0,7.0,False,refinement_3,proofs/PB-Advanced-004/t07_r01.md
PB-Advanced-004,t07_r02,True,7,7,7.0,7.0,True,refinement_3,proofs/PB-Advanced-004/t07_r02.md
PB-Advanced-004,t10_r01,True,6,6,6.0,6.0,False,refinement_3,proofs/PB-Advanced-004/t10_r01.md
PB-Advanced-004,t10_r02,True,7,7,7.0,7.0,False,refinement_3,proofs/PB-Advanced-004/t10_r02.md
PB-Advanced-005,t07_r01,True,0,0,0.0,0.0,True,refinement_2,proofs/PB-Advanced-005/t07_r01.md
PB-Advanced-005,t07_r02,True,0,0,0.0,0.0,False,refinement_2,proofs/PB-Advanced-005/t07_r02.md
PB-Advanced-005,t10_r01,True,0,0,0.0,0.0,False,refinement_2,proofs/PB-Advanced-005/t10_r01.md
PB-Advanced-005,t10_r02,True,0,0,0.0,0.0,False,raw,proofs/PB-Advanced-005/t10_r02.md
PB-Advanced-006,t07_r01,True,1,0,0.5,0.5,False,refinement_2,proofs/PB-Advanced-006/t07_r01.md
PB-Advanced-006,t07_r02,True,0,0,0.0,0.0,False,refinement_2,proofs/PB-Advanced-006/t07_r02.md
PB-Advanced-006,t10_r01,True,0,0,0.0,0.0,False,refinement_3,proofs/PB-Advanced-006/t10_r01.md
PB-Advanced-006,t10_r02,True,0,0,0.0,0.0,True,refinement_3,proofs/PB-Advanced-006/t10_r02.md
PB-Advanced-007,t07_r01,True,7,7,7.0,7.0,True,refinement_3,proofs/PB-Advanced-007/t07_r01.md
PB-Advanced-007,t07_r02,True,7,7,7.0,7.0,False,refinement_3,proofs/PB-Advanced-007/t07_r02.md
PB-Advanced-007,t10_r01,True,7,7,7.0,7.0,False,refinement_3,proofs/PB-Advanced-007/t10_r01.md
PB-Advanced-007,t10_r02,True,7,7,7.0,7.0,False,refinement_2,proofs/PB-Advanced-007/t10_r02.md
PB-Advanced-008,t07_r01,True,1,1,1.0,1.0,False,refinement_2,proofs/PB-Advanced-008/t07_r01.md
PB-Advanced-008,t07_r02,True,1,1,1.0,1.0,False,refinement_2,proofs/PB-Advanced-008/t07_r02.md
PB-Advanced-008,t10_r01,True,7,7,7.0,7.0,False,refinement_2,proofs/PB-Advanced-008/t10_r01.md
PB-Advanced-008,t10_r02,True,7,6,6.5,6.5,True,refinement_3,proofs/PB-Advanced-008/t10_r02.md
PB-Advanced-009,t07_r01,True,0,0,0.0,0.0,False,refinement_2,proofs/PB-Advanced-009/t07_r01.md
PB-Advanced-009,t07_r02,True,0,0,0.0,0.0,False,refinement_2,proofs/PB-Advanced-009/t07_r02.md
PB-Advanced-009,t10_r01,True,0,0,0.0,0.0,True,refinement_3,proofs/PB-Advanced-009/t10_r01.md
PB-Advanced-009,t10_r02,True,0,0,0.0,0.0,False,refinement_3,proofs/PB-Advanced-009/t10_r02.md
PB-Advanced-010,t07_r01,True,0,0,0.0,0.0,False,refinement_2,proofs/PB-Advanced-010/t07_r01.md
PB-Advanced-010,t07_r02,True,0,0,0.0,0.0,False,raw,proofs/PB-Advanced-010/t07_r02.md
PB-Advanced-010,t10_r01,True,0,0,0.0,0.0,True,refinement_2,proofs/PB-Advanced-010/t10_r01.md
PB-Advanced-010,t10_r02,True,0,0,0.0,0.0,False,refinement_2,proofs/PB-Advanced-010/t10_r02.md
PB-Advanced-011,t07_r01,True,0,0,0.0,0.0,True,refinement_2,proofs/PB-Advanced-011/t07_r01.md
PB-Advanced-011,t07_r02,True,0,0,0.0,0.0,False,refinement_2,proofs/PB-Advanced-011/t07_r02.md
PB-Advanced-011,t10_r01,True,0,0,0.0,0.0,False,refinement_2,proofs/PB-Advanced-011/t10_r01.md
PB-Advanced-011,t10_r02,True,0,0,0.0,0.0,False,refinement_2,proofs/PB-Advanced-011/t10_r02.md
PB-Advanced-012,t07_r01,True,6,6,6.0,6.0,False,refinement_2,proofs/PB-Advanced-012/t07_r01.md
PB-Advanced-012,t07_r02,True,6,6,6.0,6.0,True,refinement_1,proofs/PB-Advanced-012/t07_r02.md
PB-Advanced-012,t10_r01,True,6,6,6.0,6.0,False,refinement_2,proofs/PB-Advanced-012/t10_r01.md
PB-Advanced-012,t10_r02,True,6,6,6.0,6.0,False,refinement_2,proofs/PB-Advanced-012/t10_r02.md
PB-Advanced-013,t07_r01,True,7,7,7.0,7.0,True,refinement_2,proofs/PB-Advanced-013/t07_r01.md
PB-Advanced-013,t07_r02,True,0,0,0.0,0.0,False,refinement_2,proofs/PB-Advanced-013/t07_r02.md
PB-Advanced-013,t10_r01,True,1,1,1.0,1.0,False,refinement_2,proofs/PB-Advanced-013/t10_r01.md
PB-Advanced-013,t10_r02,True,1,1,1.0,1.0,False,refinement_2,proofs/PB-Advanced-013/t10_r02.md
PB-Advanced-014,t07_r01,True,6,6,6.0,6.0,False,refinement_3,proofs/PB-Advanced-014/t07_r01.md
PB-Advanced-014,t07_r02,True,6,6,6.0,6.0,False,refinement_2,proofs/PB-Advanced-014/t07_r02.md
PB-Advanced-014,t10_r01,True,1,1,1.0,1.0,False,lazy_checked,proofs/PB-Advanced-014/t10_r01.md
PB-Advanced-014,t10_r02,True,7,7,7.0,7.0,True,refinement_3,proofs/PB-Advanced-014/t10_r02.md
PB-Advanced-015,t07_r01,False,,,,,False,,
PB-Advanced-015,t07_r02,True,1,1,1.0,1.0,False,refinement_3,proofs/PB-Advanced-015/t07_r02.md
PB-Advanced-015,t10_r01,True,0,0,0.0,0.0,False,refinement_1,proofs/PB-Advanced-015/t10_r01.md
PB-Advanced-015,t10_r02,True,1,0,0.5,0.5,True,refinement_2,proofs/PB-Advanced-015/t10_r02.md
PB-Advanced-016,t07_r01,True,0,0,0.0,0.0,True,refinement_2,proofs/PB-Advanced-016/t07_r01.md
PB-Advanced-016,t07_r02,True,0,0,0.0,0.0,False,lazy_checked,proofs/PB-Advanced-016/t07_r02.md
PB-Advanced-016,t10_r01,True,0,0,0.0,0.0,False,refinement_2,proofs/PB-Advanced-016/t10_r01.md
PB-Advanced-016,t10_r02,True,0,0,0.0,0.0,False,refinement_2,proofs/PB-Advanced-016/t10_r02.md
PB-Advanced-017,t07_r01,True,6,6,6.0,6.0,False,lazy_checked,proofs/PB-Advanced-017/t07_r01.md
PB-Advanced-017,t07_r02,True,6,7,6.5,6.5,False,refinement_2,proofs/PB-Advanced-017/t07_r02.md
PB-Advanced-017,t10_r01,True,7,7,7.0,7.0,True,refinement_2,proofs/PB-Advanced-017/t10_r01.md
PB-Advanced-017,t10_r02,True,7,7,7.0,7.0,False,refinement_3,proofs/PB-Advanced-017/t10_r02.md
PB-Advanced-018,t07_r01,True,1,1,1.0,1.0,False,refinement_2,proofs/PB-Advanced-018/t07_r01.md
PB-Advanced-018,t07_r02,True,0,0,0.0,0.0,True,refinement_2,proofs/PB-Advanced-018/t07_r02.md
PB-Advanced-018,t10_r01,True,0,0,0.0,0.0,False,refinement_2,proofs/PB-Advanced-018/t10_r01.md
PB-Advanced-018,t10_r02,True,0,0,0.0,0.0,False,refinement_2,proofs/PB-Advanced-018/t10_r02.md
PB-Advanced-019,t07_r01,True,7,7,7.0,7.0,False,refinement_3,proofs/PB-Advanced-019/t07_r01.md
PB-Advanced-019,t07_r02,True,7,6,6.5,6.5,False,lazy_checked,proofs/PB-Advanced-019/t07_r02.md
PB-Advanced-019,t10_r01,True,7,7,7.0,7.0,False,lazy_checked,proofs/PB-Advanced-019/t10_r01.md
PB-Advanced-019,t10_r02,True,7,7,7.0,7.0,True,refinement_1,proofs/PB-Advanced-019/t10_r02.md
PB-Advanced-020,t07_r01,True,7,6,6.5,6.5,True,refinement_2,proofs/PB-Advanced-020/t07_r01.md
PB-Advanced-020,t07_r02,True,0,0,0.0,0.0,False,refinement_2,proofs/PB-Advanced-020/t07_r02.md
PB-Advanced-020,t10_r01,True,0,0,0.0,0.0,False,refinement_2,proofs/PB-Advanced-020/t10_r01.md
PB-Advanced-020,t10_r02,True,0,0,0.0,0.0,False,refinement_2,proofs/PB-Advanced-020/t10_r02.md
PB-Advanced-021,t07_r01,True,1,1,1.0,1.0,False,refinement_2,proofs/PB-Advanced-021/t07_r01.md
PB-Advanced-021,t07_r02,True,1,1,1.0,1.0,False,refinement_2,proofs/PB-Advanced-021/t07_r02.md
PB-Advanced-021,t10_r01,True,1,1,1.0,1.0,True,refinement_3,proofs/PB-Advanced-021/t10_r01.md
PB-Advanced-021,t10_r02,True,1,1,1.0,1.0,False,lazy_checked,proofs/PB-Advanced-021/t10_r02.md
PB-Advanced-022,t07_r01,True,7,7,7.0,7.0,False,refinement_2,proofs/PB-Advanced-022/t07_r01.md
PB-Advanced-022,t07_r02,True,1,1,1.0,1.0,False,refinement_2,proofs/PB-Advanced-022/t07_r02.md
PB-Advanced-022,t10_r01,True,7,7,7.0,7.0,False,refinement_1,proofs/PB-Advanced-022/t10_r01.md
PB-Advanced-022,t10_r02,True,7,7,7.0,7.0,True,refinement_3,proofs/PB-Advanced-022/t10_r02.md
PB-Advanced-023,t07_r01,True,0,0,0.0,0.0,True,refinement_1,proofs/PB-Advanced-023/t07_r01.md
PB-Advanced-023,t07_r02,True,0,0,0.0,0.0,False,refinement_3,proofs/PB-Advanced-023/t07_r02.md
PB-Advanced-023,t10_r01,True,1,0,0.5,0.5,False,refinement_2,proofs/PB-Advanced-023/t10_r01.md
PB-Advanced-023,t10_r02,True,1,1,1.0,1.0,False,refinement_2,proofs/PB-Advanced-023/t10_r02.md
PB-Advanced-024,t07_r01,True,1,1,1.0,1.0,False,refinement_2,proofs/PB-Advanced-024/t07_r01.md
PB-Advanced-024,t07_r02,True,0,0,0.0,0.0,True,refinement_2,proofs/PB-Advanced-024/t07_r02.md
PB-Advanced-024,t10_r01,True,1,1,1.0,1.0,False,refinement_3,proofs/PB-Advanced-024/t10_r01.md
PB-Advanced-024,t10_r02,True,0,0,0.0,0.0,False,refinement_2,proofs/PB-Advanced-024/t10_r02.md
PB-Advanced-025,t07_r01,True,7,6,6.5,6.5,False,lazy_checked,proofs/PB-Advanced-025/t07_r01.md
PB-Advanced-025,t07_r02,True,7,7,7.0,7.0,False,refinement_2,proofs/PB-Advanced-025/t07_r02.md
PB-Advanced-025,t10_r01,True,7,7,7.0,7.0,True,refinement_3,proofs/PB-Advanced-025/t10_r01.md
PB-Advanced-025,t10_r02,True,6,6,6.0,6.0,False,refinement_3,proofs/PB-Advanced-025/t10_r02.md
PB-Advanced-026,t07_r01,True,0,0,0.0,0.0,True,refinement_2,proofs/PB-Advanced-026/t07_r01.md
PB-Advanced-026,t07_r02,True,1,1,1.0,1.0,False,refinement_3,proofs/PB-Advanced-026/t07_r02.md
PB-Advanced-026,t10_r01,True,1,1,1.0,1.0,False,refinement_3,proofs/PB-Advanced-026/t10_r01.md
PB-Advanced-026,t10_r02,True,1,0,0.5,0.5,False,refinement_3,proofs/PB-Advanced-026/t10_r02.md
PB-Advanced-027,t07_r01,True,0,0,0.0,0.0,True,refinement_3,proofs/PB-Advanced-027/t07_r01.md
PB-Advanced-027,t07_r02,True,0,0,0.0,0.0,False,refinement_2,proofs/PB-Advanced-027/t07_r02.md
PB-Advanced-027,t10_r01,True,0,0,0.0,0.0,False,refinement_2,proofs/PB-Advanced-027/t10_r01.md
PB-Advanced-027,t10_r02,True,0,0,0.0,0.0,False,refinement_3,proofs/PB-Advanced-027/t10_r02.md
PB-Advanced-028,t07_r01,True,7,7,7.0,7.0,False,refinement_3,proofs/PB-Advanced-028/t07_r01.md
PB-Advanced-028,t07_r02,True,7,7,7.0,7.0,True,lazy_checked,proofs/PB-Advanced-028/t07_r02.md
PB-Advanced-028,t10_r01,True,7,7,7.0,7.0,False,refinement_3,proofs/PB-Advanced-028/t10_r01.md
PB-Advanced-028,t10_r02,True,7,7,7.0,7.0,False,refinement_3,proofs/PB-Advanced-028/t10_r02.md
PB-Advanced-029,t07_r01,True,1,1,1.0,1.0,False,refinement_2,proofs/PB-Advanced-029/t07_r01.md
PB-Advanced-029,t07_r02,True,7,7,7.0,7.0,False,refinement_3,proofs/PB-Advanced-029/t07_r02.md
PB-Advanced-029,t10_r01,True,7,7,7.0,7.0,True,refinement_3,proofs/PB-Advanced-029/t10_r01.md
PB-Advanced-029,t10_r02,True,1,1,1.0,1.0,False,refinement_2,proofs/PB-Advanced-029/t10_r02.md
PB-Advanced-030,t07_r01,True,0,0,0.0,0.0,False,refinement_2,proofs/PB-Advanced-030/t07_r01.md
PB-Advanced-030,t07_r02,True,0,0,0.0,0.0,True,refinement_2,proofs/PB-Advanced-030/t07_r02.md
PB-Advanced-030,t10_r01,True,0,0,0.0,0.0,False,refinement_2,proofs/PB-Advanced-030/t10_r01.md
PB-Advanced-030,t10_r02,True,0,0,0.0,0.0,False,refinement_2,proofs/PB-Advanced-030/t10_r02.md
PB-Basic-001,t07_r01,True,7,7,7.0,7.0,False,refinement_3,proofs/PB-Basic-001/t07_r01.md
PB-Basic-001,t07_r02,True,7,7,7.0,7.0,True,refinement_3,proofs/PB-Basic-001/t07_r02.md
PB-Basic-001,t10_r01,True,7,7,7.0,7.0,False,refinement_3,proofs/PB-Basic-001/t10_r01.md
PB-Basic-001,t10_r02,True,7,7,7.0,7.0,False,refinement_3,proofs/PB-Basic-001/t10_r02.md
PB-Basic-002,t07_r01,True,7,7,7.0,7.0,True,refinement_3,proofs/PB-Basic-002/t07_r01.md
PB-Basic-002,t07_r02,True,7,7,7.0,7.0,False,refinement_3,proofs/PB-Basic-002/t07_r02.md
PB-Basic-002,t10_r01,True,7,7,7.0,7.0,False,refinement_2,proofs/PB-Basic-002/t10_r01.md
PB-Basic-002,t10_r02,True,7,7,7.0,7.0,False,refinement_3,proofs/PB-Basic-002/t10_r02.md
PB-Basic-003,t07_r01,True,7,7,7.0,7.0,False,refinement_3,proofs/PB-Basic-003/t07_r01.md
PB-Basic-003,t07_r02,True,7,7,7.0,7.0,False,refinement_3,proofs/PB-Basic-003/t07_r02.md
PB-Basic-003,t10_r01,True,7,7,7.0,7.0,True,refinement_2,proofs/PB-Basic-003/t10_r01.md
PB-Basic-003,t10_r02,True,7,7,7.0,7.0,False,refinement_3,proofs/PB-Basic-003/t10_r02.md
PB-Basic-004,t07_r01,True,7,7,7.0,7.0,False,refinement_3,proofs/PB-Basic-004/t07_r01.md
PB-Basic-004,t07_r02,True,7,7,7.0,7.0,False,refinement_3,proofs/PB-Basic-004/t07_r02.md
PB-Basic-004,t10_r01,True,6,6,6.0,6.0,False,refinement_3,proofs/PB-Basic-004/t10_r01.md
PB-Basic-004,t10_r02,True,7,7,7.0,7.0,True,refinement_3,proofs/PB-Basic-004/t10_r02.md
PB-Basic-005,t07_r01,True,7,7,7.0,7.0,True,refinement_3,proofs/PB-Basic-005/t07_r01.md
PB-Basic-005,t07_r02,True,7,7,7.0,7.0,False,refinement_2,proofs/PB-Basic-005/t07_r02.md
PB-Basic-005,t10_r01,True,7,7,7.0,7.0,False,refinement_1,proofs/PB-Basic-005/t10_r01.md
PB-Basic-005,t10_r02,True,7,7,7.0,7.0,False,refinement_2,proofs/PB-Basic-005/t10_r02.md
PB-Basic-006,t07_r01,True,1,1,1.0,1.0,False,refinement_3,proofs/PB-Basic-006/t07_r01.md
PB-Basic-006,t07_r02,True,7,1,4.0,4.0,False,refinement_2,proofs/PB-Basic-006/t07_r02.md
PB-Basic-006,t10_r01,True,7,7,7.0,7.0,True,refinement_3,proofs/PB-Basic-006/t10_r01.md
PB-Basic-006,t10_r02,True,0,0,0.0,0.0,False,refinement_2,proofs/PB-Basic-006/t10_r02.md
PB-Basic-007,t07_r01,True,1,1,1.0,1.0,False,refinement_2,proofs/PB-Basic-007/t07_r01.md
PB-Basic-007,t07_r02,True,1,1,1.0,1.0,False,refinement_3,proofs/PB-Basic-007/t07_r02.md
PB-Basic-007,t10_r01,True,1,1,1.0,1.0,True,refinement_2,proofs/PB-Basic-007/t10_r01.md
PB-Basic-007,t10_r02,True,1,1,1.0,1.0,False,refinement_3,proofs/PB-Basic-007/t10_r02.md
PB-Basic-008,t07_r01,True,7,7,7.0,7.0,True,refinement_3,proofs/PB-Basic-008/t07_r01.md
PB-Basic-008,t07_r02,True,7,7,7.0,7.0,False,refinement_3,proofs/PB-Basic-008/t07_r02.md
PB-Basic-008,t10_r01,True,6,6,6.0,6.0,False,refinement_3,proofs/PB-Basic-008/t10_r01.md
PB-Basic-008,t10_r02,True,7,7,7.0,7.0,False,refinement_3,proofs/PB-Basic-008/t10_r02.md
PB-Basic-009,t07_r01,True,1,1,1.0,1.0,False,refinement_3,proofs/PB-Basic-009/t07_r01.md
PB-Basic-009,t07_r02,True,1,1,1.0,1.0,False,refinement_2,proofs/PB-Basic-009/t07_r02.md
PB-Basic-009,t10_r01,True,1,1,1.0,1.0,False,refinement_2,proofs/PB-Basic-009/t10_r01.md
PB-Basic-009,t10_r02,True,1,1,1.0,1.0,True,refinement_2,proofs/PB-Basic-009/t10_r02.md
PB-Basic-010,t07_r01,True,7,7,7.0,7.0,False,refinement_3,proofs/PB-Basic-010/t07_r01.md
PB-Basic-010,t07_r02,True,7,7,7.0,7.0,False,refinement_3,proofs/PB-Basic-010/t07_r02.md
PB-Basic-010,t10_r01,True,7,7,7.0,7.0,True,refinement_3,proofs/PB-Basic-010/t10_r01.md
PB-Basic-010,t10_r02,True,7,7,7.0,7.0,False,refinement_3,proofs/PB-Basic-010/t10_r02.md
PB-Basic-011,t07_r01,True,7,7,7.0,7.0,False,refinement_2,proofs/PB-Basic-011/t07_r01.md
PB-Basic-011,t07_r02,True,7,7,7.0,7.0,True,refinement_2,proofs/PB-Basic-011/t07_r02.md
PB-Basic-011,t10_r01,True,7,7,7.0,7.0,False,refinement_2,proofs/PB-Basic-011/t10_r01.md
PB-Basic-011,t10_r02,True,7,7,7.0,7.0,False,lazy_checked,proofs/PB-Basic-011/t10_r02.md
PB-Basic-012,t07_r01,True,7,7,7.0,7.0,False,refinement_3,proofs/PB-Basic-012/t07_r01.md
PB-Basic-012,t07_r02,True,7,7,7.0,7.0,False,refinement_3,proofs/PB-Basic-012/t07_r02.md
PB-Basic-012,t10_r01,True,7,7,7.0,7.0,False,refinement_2,proofs/PB-Basic-012/t10_r01.md
PB-Basic-012,t10_r02,True,7,7,7.0,7.0,True,refinement_3,proofs/PB-Basic-012/t10_r02.md
PB-Basic-013,t07_r01,True,7,7,7.0,7.0,False,refinement_3,proofs/PB-Basic-013/t07_r01.md
PB-Basic-013,t07_r02,True,7,7,7.0,7.0,False,refinement_3,proofs/PB-Basic-013/t07_r02.md
PB-Basic-013,t10_r01,True,7,7,7.0,7.0,False,refinement_2,proofs/PB-Basic-013/t10_r01.md
PB-Basic-013,t10_r02,True,6,7,6.5,6.5,True,refinement_3,proofs/PB-Basic-013/t10_r02.md
PB-Basic-014,t07_r01,True,6,7,6.5,6.5,False,refinement_3,proofs/PB-Basic-014/t07_r01.md
PB-Basic-014,t07_r02,True,7,7,7.0,7.0,True,refinement_3,proofs/PB-Basic-014/t07_r02.md
PB-Basic-014,t10_r01,True,7,7,7.0,7.0,False,refinement_3,proofs/PB-Basic-014/t10_r01.md
PB-Basic-014,t10_r02,True,7,7,7.0,7.0,False,refinement_3,proofs/PB-Basic-014/t10_r02.md
PB-Basic-015,t07_r01,True,7,7,7.0,7.0,False,refinement_3,proofs/PB-Basic-015/t07_r01.md
PB-Basic-015,t07_r02,True,7,7,7.0,7.0,False,refinement_3,proofs/PB-Basic-015/t07_r02.md
PB-Basic-015,t10_r01,True,7,7,7.0,7.0,True,refinement_3,proofs/PB-Basic-015/t10_r01.md
PB-Basic-015,t10_r02,True,7,7,7.0,7.0,False,refinement_3,proofs/PB-Basic-015/t10_r02.md
PB-Basic-016,t07_r01,True,7,7,7.0,7.0,False,refinement_3,proofs/PB-Basic-016/t07_r01.md
PB-Basic-016,t07_r02,True,7,7,7.0,7.0,True,refinement_3,proofs/PB-Basic-016/t07_r02.md
PB-Basic-016,t10_r01,True,7,7,7.0,7.0,False,refinement_2,proofs/PB-Basic-016/t10_r01.md
PB-Basic-016,t10_r02,True,7,7,7.0,7.0,False,refinement_1,proofs/PB-Basic-016/t10_r02.md
PB-Basic-017,t07_r01,True,7,7,7.0,7.0,False,refinement_3,proofs/PB-Basic-017/t07_r01.md
PB-Basic-017,t07_r02,True,7,7,7.0,7.0,False,refinement_3,proofs/PB-Basic-017/t07_r02.md
PB-Basic-017,t10_r01,True,7,7,7.0,7.0,True,refinement_3,proofs/PB-Basic-017/t10_r01.md
PB-Basic-017,t10_r02,True,7,7,7.0,7.0,False,refinement_2,proofs/PB-Basic-017/t10_r02.md
PB-Basic-018,t07_r01,True,7,7,7.0,7.0,False,refinement_2,proofs/PB-Basic-018/t07_r01.md
PB-Basic-018,t07_r02,True,7,6,6.5,6.5,True,refinement_3,proofs/PB-Basic-018/t07_r02.md
PB-Basic-018,t10_r01,True,6,6,6.0,6.0,False,refinement_3,proofs/PB-Basic-018/t10_r01.md
PB-Basic-018,t10_r02,True,7,7,7.0,7.0,False,refinement_3,proofs/PB-Basic-018/t10_r02.md
PB-Basic-019,t07_r01,True,7,7,7.0,7.0,False,refinement_3,proofs/PB-Basic-019/t07_r01.md
PB-Basic-019,t07_r02,True,7,6,6.5,6.5,False,lazy_checked,proofs/PB-Basic-019/t07_r02.md
PB-Basic-019,t10_r01,True,7,7,7.0,7.0,False,refinement_3,proofs/PB-Basic-019/t10_r01.md
PB-Basic-019,t10_r02,True,7,7,7.0,7.0,True,refinement_3,proofs/PB-Basic-019/t10_r02.md
PB-Basic-020,t07_r01,True,7,7,7.0,7.0,False,refinement_3,proofs/PB-Basic-020/t07_r01.md
PB-Basic-020,t07_r02,True,7,7,7.0,7.0,True,refinement_3,proofs/PB-Basic-020/t07_r02.md
PB-Basic-020,t10_r01,True,7,7,7.0,7.0,False,refinement_3,proofs/PB-Basic-020/t10_r01.md
PB-Basic-020,t10_r02,True,7,7,7.0,7.0,False,refinement_3,proofs/PB-Basic-020/t10_r02.md
PB-Basic-021,t07_r01,True,7,7,7.0,7.0,False,refinement_3,proofs/PB-Basic-021/t07_r01.md
PB-Basic-021,t07_r02,True,7,7,7.0,7.0,True,refinement_3,proofs/PB-Basic-021/t07_r02.md
PB-Basic-021,t10_r01,True,7,7,7.0,7.0,False,refinement_1,proofs/PB-Basic-021/t10_r01.md
PB-Basic-021,t10_r02,True,7,7,7.0,7.0,False,refinement_2,proofs/PB-Basic-021/t10_r02.md
PB-Basic-022,t07_r01,True,1,1,1.0,1.0,False,raw,proofs/PB-Basic-022/t07_r01.md
PB-Basic-022,t07_r02,True,1,1,1.0,1.0,False,refinement_3,proofs/PB-Basic-022/t07_r02.md
PB-Basic-022,t10_r01,True,1,1,1.0,1.0,False,refinement_2,proofs/PB-Basic-022/t10_r01.md
PB-Basic-022,t10_r02,True,1,1,1.0,1.0,True,refinement_2,proofs/PB-Basic-022/t10_r02.md
PB-Basic-023,t07_r01,True,1,1,1.0,1.0,True,refinement_2,proofs/PB-Basic-023/t07_r01.md
PB-Basic-023,t07_r02,True,1,1,1.0,1.0,False,refinement_2,proofs/PB-Basic-023/t07_r02.md
PB-Basic-023,t10_r01,True,1,1,1.0,1.0,False,refinement_2,proofs/PB-Basic-023/t10_r01.md
PB-Basic-023,t10_r02,True,1,1,1.0,1.0,False,refinement_3,proofs/PB-Basic-023/t10_r02.md
PB-Basic-024,t07_r01,True,7,7,7.0,7.0,False,refinement_3,proofs/PB-Basic-024/t07_r01.md
PB-Basic-024,t07_r02,True,1,1,1.0,1.0,False,refinement_2,proofs/PB-Basic-024/t07_r02.md
PB-Basic-024,t10_r01,True,7,7,7.0,7.0,True,refinement_3,proofs/PB-Basic-024/t10_r01.md
PB-Basic-024,t10_r02,True,6,6,6.0,6.0,False,refinement_3,proofs/PB-Basic-024/t10_r02.md
PB-Basic-025,t07_r01,True,7,7,7.0,7.0,True,refinement_3,proofs/PB-Basic-025/t07_r01.md
PB-Basic-025,t07_r02,True,7,7,7.0,7.0,False,refinement_2,proofs/PB-Basic-025/t07_r02.md
PB-Basic-025,t10_r01,True,7,7,7.0,7.0,False,refinement_3,proofs/PB-Basic-025/t10_r01.md
PB-Basic-025,t10_r02,True,7,7,7.0,7.0,False,refinement_3,proofs/PB-Basic-025/t10_r02.md
PB-Basic-026,t07_r01,True,0,0,0.0,0.0,False,refinement_3,proofs/PB-Basic-026/t07_r01.md
PB-Basic-026,t07_r02,False,,,,,False,,
PB-Basic-026,t10_r01,True,0,0,0.0,0.0,False,raw,proofs/PB-Basic-026/t10_r01.md
PB-Basic-026,t10_r02,True,1,1,1.0,1.0,True,refinement_2,proofs/PB-Basic-026/t10_r02.md
PB-Basic-027,t07_r01,True,7,7,7.0,7.0,False,refinement_2,proofs/PB-Basic-027/t07_r01.md
PB-Basic-027,t07_r02,True,7,7,7.0,7.0,False,refinement_3,proofs/PB-Basic-027/t07_r02.md
PB-Basic-027,t10_r01,True,7,7,7.0,7.0,True,refinement_3,proofs/PB-Basic-027/t10_r01.md
PB-Basic-027,t10_r02,True,7,7,7.0,7.0,False,refinement_3,proofs/PB-Basic-027/t10_r02.md
PB-Basic-028,t07_r01,True,7,6,6.5,6.5,True,refinement_3,proofs/PB-Basic-028/t07_r01.md
PB-Basic-028,t07_r02,True,6,6,6.0,6.0,False,refinement_2,proofs/PB-Basic-028/t07_r02.md
PB-Basic-028,t10_r01,True,6,6,6.0,6.0,False,refinement_3,proofs/PB-Basic-028/t10_r01.md
PB-Basic-028,t10_r02,True,1,6,3.5,3.5,False,refinement_2,proofs/PB-Basic-028/t10_r02.md
PB-Basic-029,t07_r01,True,0,0,0.0,0.0,False,refinement_2,proofs/PB-Basic-029/t07_r01.md
PB-Basic-029,t07_r02,True,1,1,1.0,1.0,False,refinement_2,proofs/PB-Basic-029/t07_r02.md
PB-Basic-029,t10_r01,True,1,1,1.0,1.0,True,refinement_2,proofs/PB-Basic-029/t10_r01.md
PB-Basic-029,t10_r02,True,0,0,0.0,0.0,False,refinement_2,proofs/PB-Basic-029/t10_r02.md
PB-Basic-030,t07_r01,True,7,7,7.0,7.0,False,refinement_3,proofs/PB-Basic-030/t07_r01.md
PB-Basic-030,t07_r02,True,7,6,6.5,6.5,False,refinement_3,proofs/PB-Basic-030/t07_r02.md
PB-Basic-030,t10_r01,True,7,7,7.0,7.0,False,refinement_3,proofs/PB-Basic-030/t10_r01.md
PB-Basic-030,t10_r02,True,7,6,6.5,6.5,True,refinement_3,proofs/PB-Basic-030/t10_r02.md
